task_id,surface,adsorbate,seed,calculator
0,Cu111,isopropanol,0,sevennet_omni
1,Cu111,isopropanol,1,sevennet_omni
2,Cu111,isopropanol,2,sevennet_omni
3,Cu111,CO2,0,sevennet_omni
4,Cu111,CO2,1,sevennet_omni
5,Cu111,CO2,2,sevennet_omni
6,Cu111,ethanol,0,sevennet_omni
7,Cu111,ethanol,1,sevennet_omni
8,Cu111,ethanol,2,sevennet_omni
9,Cu111,ethene,0,sevennet_omni
10,Cu111,ethene,1,sevennet_omni
11,Cu111,ethene,2,sevennet_omni
12,Cu111,ethane,0,sevennet_omni
13,Cu111,ethane,1,sevennet_omni
14,Cu111,ethane,2,sevennet_omni
15,Cu111,propane,0,sevennet_omni
16,Cu111,propane,1,sevennet_omni
17,Cu111,propane,2,sevennet_omni
18,Cu111,propene,0,sevennet_omni
19,Cu111,propene,1,sevennet_omni
20,Cu111,propene,2,sevennet_omni
21,Cu111,propanol,0,sevennet_omni
22,Cu111,propanol,1,sevennet_omni
23,Cu111,propanol,2,sevennet_omni
24,Cu111,glycerol,0,sevennet_omni
25,Cu111,glycerol,1,sevennet_omni
26,Cu111,glycerol,2,sevennet_omni
27,Cu110,isopropanol,0,sevennet_omni
28,Cu110,isopropanol,1,sevennet_omni
29,Cu110,isopropanol,2,sevennet_omni
30,Cu110,CO2,0,sevennet_omni
31,Cu110,CO2,1,sevennet_omni
32,Cu110,CO2,2,sevennet_omni
33,Cu110,ethanol,0,sevennet_omni
34,Cu110,ethanol,1,sevennet_omni
35,Cu110,ethanol,2,sevennet_omni
36,Cu110,ethene,0,sevennet_omni
37,Cu110,ethene,1,sevennet_omni
38,Cu110,ethene,2,sevennet_omni
39,Cu110,ethane,0,sevennet_omni
40,Cu110,ethane,1,sevennet_omni
41,Cu110,ethane,2,sevennet_omni
42,Cu110,propane,0,sevennet_omni
43,Cu110,propane,1,sevennet_omni
44,Cu110,propane,2,sevennet_omni
45,Cu110,propene,0,sevennet_omni
46,Cu110,propene,1,sevennet_omni
47,Cu110,propene,2,sevennet_omni
48,Cu110,propanol,0,sevennet_omni
49,Cu110,propanol,1,sevennet_omni
50,Cu110,propanol,2,sevennet_omni
51,Cu110,glycerol,0,sevennet_omni
52,Cu110,glycerol,1,sevennet_omni
53,Cu110,glycerol,2,sevennet_omni
54,Cu001,isopropanol,0,sevennet_omni
55,Cu001,isopropanol,1,sevennet_omni
56,Cu001,isopropanol,2,sevennet_omni
57,Cu001,CO2,0,sevennet_omni
58,Cu001,CO2,1,sevennet_omni
59,Cu001,CO2,2,sevennet_omni
60,Cu001,ethanol,0,sevennet_omni
61,Cu001,ethanol,1,sevennet_omni
62,Cu001,ethanol,2,sevennet_omni
63,Cu001,ethene,0,sevennet_omni
64,Cu001,ethene,1,sevennet_omni
65,Cu001,ethene,2,sevennet_omni
66,Cu001,ethane,0,sevennet_omni
67,Cu001,ethane,1,sevennet_omni
68,Cu001,ethane,2,sevennet_omni
69,Cu001,propane,0,sevennet_omni
70,Cu001,propane,1,sevennet_omni
71,Cu001,propane,2,sevennet_omni
72,Cu001,propene,0,sevennet_omni
73,Cu001,propene,1,sevennet_omni
74,Cu001,propene,2,sevennet_omni
75,Cu001,propanol,0,sevennet_omni
76,Cu001,propanol,1,sevennet_omni
77,Cu001,propanol,2,sevennet_omni
78,Cu001,glycerol,0,sevennet_omni
79,Cu001,glycerol,1,sevennet_omni
80,Cu001,glycerol,2,sevennet_omni
81,Pt111,isopropanol,0,sevennet_omni
82,Pt111,isopropanol,1,sevennet_omni
83,Pt111,isopropanol,2,sevennet_omni
84,Pt111,CO2,0,sevennet_omni
85,Pt111,CO2,1,sevennet_omni
86,Pt111,CO2,2,sevennet_omni
87,Pt111,ethanol,0,sevennet_omni
88,Pt111,ethanol,1,sevennet_omni
89,Pt111,ethanol,2,sevennet_omni
90,Pt111,ethene,0,sevennet_omni
91,Pt111,ethene,1,sevennet_omni
92,Pt111,ethene,2,sevennet_omni
93,Pt111,ethane,0,sevennet_omni
94,Pt111,ethane,1,sevennet_omni
95,Pt111,ethane,2,sevennet_omni
96,Pt111,propane,0,sevennet_omni
97,Pt111,propane,1,sevennet_omni
98,Pt111,propane,2,sevennet_omni
99,Pt111,propene,0,sevennet_omni
100,Pt111,propene,1,sevennet_omni
101,Pt111,propene,2,sevennet_omni
102,Pt111,propanol,0,sevennet_omni
103,Pt111,propanol,1,sevennet_omni
104,Pt111,propanol,2,sevennet_omni
105,Pt111,glycerol,0,sevennet_omni
106,Pt111,glycerol,1,sevennet_omni
107,Pt111,glycerol,2,sevennet_omni
108,Pt110,isopropanol,0,sevennet_omni
109,Pt110,isopropanol,1,sevennet_omni
110,Pt110,isopropanol,2,sevennet_omni
111,Pt110,CO2,0,sevennet_omni
112,Pt110,CO2,1,sevennet_omni
113,Pt110,CO2,2,sevennet_omni
114,Pt110,ethanol,0,sevennet_omni
115,Pt110,ethanol,1,sevennet_omni
116,Pt110,ethanol,2,sevennet_omni
117,Pt110,ethene,0,sevennet_omni
118,Pt110,ethene,1,sevennet_omni
119,Pt110,ethene,2,sevennet_omni
120,Pt110,ethane,0,sevennet_omni
121,Pt110,ethane,1,sevennet_omni
122,Pt110,ethane,2,sevennet_omni
123,Pt110,propane,0,sevennet_omni
124,Pt110,propane,1,sevennet_omni
125,Pt110,propane,2,sevennet_omni
126,Pt110,propene,0,sevennet_omni
127,Pt110,propene,1,sevennet_omni
128,Pt110,propene,2,sevennet_omni
129,Pt110,propanol,0,sevennet_omni
130,Pt110,propanol,1,sevennet_omni
131,Pt110,propanol,2,sevennet_omni
132,Pt110,glycerol,0,sevennet_omni
133,Pt110,glycerol,1,sevennet_omni
134,Pt110,glycerol,2,sevennet_omni
135,Pt100,isopropanol,0,sevennet_omni
136,Pt100,isopropanol,1,sevennet_omni
137,Pt100,isopropanol,2,sevennet_omni
138,Pt100,CO2,0,sevennet_omni
139,Pt100,CO2,1,sevennet_omni
140,Pt100,CO2,2,sevennet_omni
141,Pt100,ethanol,0,sevennet_omni
142,Pt100,ethanol,1,sevennet_omni
143,Pt100,ethanol,2,sevennet_omni
144,Pt100,ethene,0,sevennet_omni
145,Pt100,ethene,1,sevennet_omni
146,Pt100,ethene,2,sevennet_omni
147,Pt100,ethane,0,sevennet_omni
148,Pt100,ethane,1,sevennet_omni
149,Pt100,ethane,2,sevennet_omni
150,Pt100,propane,0,sevennet_omni
151,Pt100,propane,1,sevennet_omni
152,Pt100,propane,2,sevennet_omni
153,Pt100,propene,0,sevennet_omni
154,Pt100,propene,1,sevennet_omni
155,Pt100,propene,2,sevennet_omni
156,Pt100,propanol,0,sevennet_omni
157,Pt100,propanol,1,sevennet_omni
158,Pt100,propanol,2,sevennet_omni
159,Pt100,glycerol,0,sevennet_omni
160,Pt100,glycerol,1,sevennet_omni
161,Pt100,glycerol,2,sevennet_omni
162,Pd111,isopropanol,0,sevennet_omni
163,Pd111,isopropanol,1,sevennet_omni
164,Pd111,isopropanol,2,sevennet_omni
165,Pd111,CO2,0,sevennet_omni
166,Pd111,CO2,1,sevennet_omni
167,Pd111,CO2,2,sevennet_omni
168,Pd111,ethanol,0,sevennet_omni
169,Pd111,ethanol,1,sevennet_omni
170,Pd111,ethanol,2,sevennet_omni
171,Pd111,ethene,0,sevennet_omni
172,Pd111,ethene,1,sevennet_omni
173,Pd111,ethene,2,sevennet_omni
174,Pd111,ethane,0,sevennet_omni
175,Pd111,ethane,1,sevennet_omni
176,Pd111,ethane,2,sevennet_omni
177,Pd111,propane,0,sevennet_omni
178,Pd111,propane,1,sevennet_omni
179,Pd111,propane,2,sevennet_omni
180,Pd111,propene,0,sevennet_omni
181,Pd111,propene,1,sevennet_omni
182,Pd111,propene,2,sevennet_omni
183,Pd111,propanol,0,sevennet_omni
184,Pd111,propanol,1,sevennet_omni
185,Pd111,propanol,2,sevennet_omni
186,Pd111,glycerol,0,sevennet_omni
187,Pd111,glycerol,1,sevennet_omni
188,Pd111,glycerol,2,sevennet_omni
189,Pd110,isopropanol,0,sevennet_omni
190,Pd110,isopropanol,1,sevennet_omni
191,Pd110,isopropanol,2,sevennet_omni
192,Pd110,CO2,0,sevennet_omni
193,Pd110,CO2,1,sevennet_omni
194,Pd110,CO2,2,sevennet_omni
195,Pd110,ethanol,0,sevennet_omni
196,Pd110,ethanol,1,sevennet_omni
197,Pd110,ethanol,2,sevennet_omni
198,Pd110,ethene,0,sevennet_omni
199,Pd110,ethene,1,sevennet_omni
200,Pd110,ethene,2,sevennet_omni
201,Pd110,ethane,0,sevennet_omni
202,Pd110,ethane,1,sevennet_omni
203,Pd110,ethane,2,sevennet_omni
204,Pd110,propane,0,sevennet_omni
205,Pd110,propane,1,sevennet_omni
206,Pd110,propane,2,sevennet_omni
207,Pd110,propene,0,sevennet_omni
208,Pd110,propene,1,sevennet_omni
209,Pd110,propene,2,sevennet_omni
210,Pd110,propanol,0,sevennet_omni
211,Pd110,propanol,1,sevennet_omni
212,Pd110,propanol,2,sevennet_omni
213,Pd110,glycerol,0,sevennet_omni
214,Pd110,glycerol,1,sevennet_omni
215,Pd110,glycerol,2,sevennet_omni
216,Pd100,isopropanol,0,sevennet_omni
217,Pd100,isopropanol,1,sevennet_omni
218,Pd100,isopropanol,2,sevennet_omni
219,Pd100,CO2,0,sevennet_omni
220,Pd100,CO2,1,sevennet_omni
221,Pd100,CO2,2,sevennet_omni
222,Pd100,ethanol,0,sevennet_omni
223,Pd100,ethanol,1,sevennet_omni
224,Pd100,ethanol,2,sevennet_omni
225,Pd100,ethene,0,sevennet_omni
226,Pd100,ethene,1,sevennet_omni
227,Pd100,ethene,2,sevennet_omni
228,Pd100,ethane,0,sevennet_omni
229,Pd100,ethane,1,sevennet_omni
230,Pd100,ethane,2,sevennet_omni
231,Pd100,propane,0,sevennet_omni
232,Pd100,propane,1,sevennet_omni
233,Pd100,propane,2,sevennet_omni
234,Pd100,propene,0,sevennet_omni
235,Pd100,propene,1,sevennet_omni
236,Pd100,propene,2,sevennet_omni
237,Pd100,propanol,0,sevennet_omni
238,Pd100,propanol,1,sevennet_omni
239,Pd100,propanol,2,sevennet_omni
240,Pd100,glycerol,0,sevennet_omni
241,Pd100,glycerol,1,sevennet_omni
242,Pd100,glycerol,2,sevennet_omni
243,Ni111,isopropanol,0,sevennet_omni
244,Ni111,isopropanol,1,sevennet_omni
245,Ni111,isopropanol,2,sevennet_omni
246,Ni111,CO2,0,sevennet_omni
247,Ni111,CO2,1,sevennet_omni
248,Ni111,CO2,2,sevennet_omni
249,Ni111,ethanol,0,sevennet_omni
250,Ni111,ethanol,1,sevennet_omni
251,Ni111,ethanol,2,sevennet_omni
252,Ni111,ethene,0,sevennet_omni
253,Ni111,ethene,1,sevennet_omni
254,Ni111,ethene,2,sevennet_omni
255,Ni111,ethane,0,sevennet_omni
256,Ni111,ethane,1,sevennet_omni
257,Ni111,ethane,2,sevennet_omni
258,Ni111,propane,0,sevennet_omni
259,Ni111,propane,1,sevennet_omni
260,Ni111,propane,2,sevennet_omni
261,Ni111,propene,0,sevennet_omni
262,Ni111,propene,1,sevennet_omni
263,Ni111,propene,2,sevennet_omni
264,Ni111,propanol,0,sevennet_omni
265,Ni111,propanol,1,sevennet_omni
266,Ni111,propanol,2,sevennet_omni
267,Ni111,glycerol,0,sevennet_omni
268,Ni111,glycerol,1,sevennet_omni
269,Ni111,glycerol,2,sevennet_omni
270,Ni110,isopropanol,0,sevennet_omni
271,Ni110,isopropanol,1,sevennet_omni
272,Ni110,isopropanol,2,sevennet_omni
273,Ni110,CO2,0,sevennet_omni
274,Ni110,CO2,1,sevennet_omni
275,Ni110,CO2,2,sevennet_omni
276,Ni110,ethanol,0,sevennet_omni
277,Ni110,ethanol,1,sevennet_omni
278,Ni110,ethanol,2,sevennet_omni
279,Ni110,ethene,0,sevennet_omni
280,Ni110,ethene,1,sevennet_omni
281,Ni110,ethene,2,sevennet_omni
282,Ni110,ethane,0,sevennet_omni
283,Ni110,ethane,1,sevennet_omni
284,Ni110,ethane,2,sevennet_omni
285,Ni110,propane,0,sevennet_omni
286,Ni110,propane,1,sevennet_omni
287,Ni110,propane,2,sevennet_omni
288,Ni110,propene,0,sevennet_omni
289,Ni110,propene,1,sevennet_omni
290,Ni110,propene,2,sevennet_omni
291,Ni110,propanol,0,sevennet_omni
292,Ni110,propanol,1,sevennet_omni
293,Ni110,propanol,2,sevennet_omni
294,Ni110,glycerol,0,sevennet_omni
295,Ni110,glycerol,1,sevennet_omni
296,Ni110,glycerol,2,sevennet_omni
297,Ni100,isopropanol,0,sevennet_omni
298,Ni100,isopropanol,1,sevennet_omni
299,Ni100,isopropanol,2,sevennet_omni
300,Ni100,CO2,0,sevennet_omni
301,Ni100,CO2,1,sevennet_omni
302,Ni100,CO2,2,sevennet_omni
303,Ni100,ethanol,0,sevennet_omni
304,Ni100,ethanol,1,sevennet_omni
305,Ni100,ethanol,2,sevennet_omni
306,Ni100,ethene,0,sevennet_omni
307,Ni100,ethene,1,sevennet_omni
308,Ni100,ethene,2,sevennet_omni
309,Ni100,ethane,0,sevennet_omni
310,Ni100,ethane,1,sevennet_omni
311,Ni100,ethane,2,sevennet_omni
312,Ni100,propane,0,sevennet_omni
313,Ni100,propane,1,sevennet_omni
314,Ni100,propane,2,sevennet_omni
315,Ni100,propene,0,sevennet_omni
316,Ni100,propene,1,sevennet_omni
317,Ni100,propene,2,sevennet_omni
318,Ni100,propanol,0,sevennet_omni
319,Ni100,propanol,1,sevennet_omni
320,Ni100,propanol,2,sevennet_omni
321,Ni100,glycerol,0,sevennet_omni
322,Ni100,glycerol,1,sevennet_omni
323,Ni100,glycerol,2,sevennet_omni
324,Ag111,isopropanol,0,sevennet_omni
325,Ag111,isopropanol,1,sevennet_omni
326,Ag111,isopropanol,2,sevennet_omni
327,Ag111,CO2,0,sevennet_omni
328,Ag111,CO2,1,sevennet_omni
329,Ag111,CO2,2,sevennet_omni
330,Ag111,ethanol,0,sevennet_omni
331,Ag111,ethanol,1,sevennet_omni
332,Ag111,ethanol,2,sevennet_omni
333,Ag111,ethene,0,sevennet_omni
334,Ag111,ethene,1,sevennet_omni
335,Ag111,ethene,2,sevennet_omni
336,Ag111,ethane,0,sevennet_omni
337,Ag111,ethane,1,sevennet_omni
338,Ag111,ethane,2,sevennet_omni
339,Ag111,propane,0,sevennet_omni
340,Ag111,propane,1,sevennet_omni
341,Ag111,propane,2,sevennet_omni
342,Ag111,propene,0,sevennet_omni
343,Ag111,propene,1,sevennet_omni
344,Ag111,propene,2,sevennet_omni
345,Ag111,propanol,0,sevennet_omni
346,Ag111,propanol,1,sevennet_omni
347,Ag111,propanol,2,sevennet_omni
348,Ag111,glycerol,0,sevennet_omni
349,Ag111,glycerol,1,sevennet_omni
350,Ag111,glycerol,2,sevennet_omni
351,Ag110,isopropanol,0,sevennet_omni
352,Ag110,isopropanol,1,sevennet_omni
353,Ag110,isopropanol,2,sevennet_omni
354,Ag110,CO2,0,sevennet_omni
355,Ag110,CO2,1,sevennet_omni
356,Ag110,CO2,2,sevennet_omni
357,Ag110,ethanol,0,sevennet_omni
358,Ag110,ethanol,1,sevennet_omni
359,Ag110,ethanol,2,sevennet_omni
360,Ag110,ethene,0,sevennet_omni
361,Ag110,ethene,1,sevennet_omni
362,Ag110,ethene,2,sevennet_omni
363,Ag110,ethane,0,sevennet_omni
364,Ag110,ethane,1,sevennet_omni
365,Ag110,ethane,2,sevennet_omni
366,Ag110,propane,0,sevennet_omni
367,Ag110,propane,1,sevennet_omni
368,Ag110,propane,2,sevennet_omni
369,Ag110,propene,0,sevennet_omni
370,Ag110,propene,1,sevennet_omni
371,Ag110,propene,2,sevennet_omni
372,Ag110,propanol,0,sevennet_omni
373,Ag110,propanol,1,sevennet_omni
374,Ag110,propanol,2,sevennet_omni
375,Ag110,glycerol,0,sevennet_omni
376,Ag110,glycerol,1,sevennet_omni
377,Ag110,glycerol,2,sevennet_omni
378,Ag100,isopropanol,0,sevennet_omni
379,Ag100,isopropanol,1,sevennet_omni
380,Ag100,isopropanol,2,sevennet_omni
381,Ag100,CO2,0,sevennet_omni
382,Ag100,CO2,1,sevennet_omni
383,Ag100,CO2,2,sevennet_omni
384,Ag100,ethanol,0,sevennet_omni
385,Ag100,ethanol,1,sevennet_omni
386,Ag100,ethanol,2,sevennet_omni
387,Ag100,ethene,0,sevennet_omni
388,Ag100,ethene,1,sevennet_omni
389,Ag100,ethene,2,sevennet_omni
390,Ag100,ethane,0,sevennet_omni
391,Ag100,ethane,1,sevennet_omni
392,Ag100,ethane,2,sevennet_omni
393,Ag100,propane,0,sevennet_omni
394,Ag100,propane,1,sevennet_omni
395,Ag100,propane,2,sevennet_omni
396,Ag100,propene,0,sevennet_omni
397,Ag100,propene,1,sevennet_omni
398,Ag100,propene,2,sevennet_omni
399,Ag100,propanol,0,sevennet_omni
400,Ag100,propanol,1,sevennet_omni
401,Ag100,propanol,2,sevennet_omni
402,Ag100,glycerol,0,sevennet_omni
403,Ag100,glycerol,1,sevennet_omni
404,Ag100,glycerol,2,sevennet_omni
405,Au111,isopropanol,0,sevennet_omni
406,Au111,isopropanol,1,sevennet_omni
407,Au111,isopropanol,2,sevennet_omni
408,Au111,CO2,0,sevennet_omni
409,Au111,CO2,1,sevennet_omni
410,Au111,CO2,2,sevennet_omni
411,Au111,ethanol,0,sevennet_omni
412,Au111,ethanol,1,sevennet_omni
413,Au111,ethanol,2,sevennet_omni
414,Au111,ethene,0,sevennet_omni
415,Au111,ethene,1,sevennet_omni
416,Au111,ethene,2,sevennet_omni
417,Au111,ethane,0,sevennet_omni
418,Au111,ethane,1,sevennet_omni
419,Au111,ethane,2,sevennet_omni
420,Au111,propane,0,sevennet_omni
421,Au111,propane,1,sevennet_omni
422,Au111,propane,2,sevennet_omni
423,Au111,propene,0,sevennet_omni
424,Au111,propene,1,sevennet_omni
425,Au111,propene,2,sevennet_omni
426,Au111,propanol,0,sevennet_omni
427,Au111,propanol,1,sevennet_omni
428,Au111,propanol,2,sevennet_omni
429,Au111,glycerol,0,sevennet_omni
430,Au111,glycerol,1,sevennet_omni
431,Au111,glycerol,2,sevennet_omni
432,Au110,isopropanol,0,sevennet_omni
433,Au110,isopropanol,1,sevennet_omni
434,Au110,isopropanol,2,sevennet_omni
435,Au110,CO2,0,sevennet_omni
436,Au110,CO2,1,sevennet_omni
437,Au110,CO2,2,sevennet_omni
438,Au110,ethanol,0,sevennet_omni
439,Au110,ethanol,1,sevennet_omni
440,Au110,ethanol,2,sevennet_omni
441,Au110,ethene,0,sevennet_omni
442,Au110,ethene,1,sevennet_omni
443,Au110,ethene,2,sevennet_omni
444,Au110,ethane,0,sevennet_omni
445,Au110,ethane,1,sevennet_omni
446,Au110,ethane,2,sevennet_omni
447,Au110,propane,0,sevennet_omni
448,Au110,propane,1,sevennet_omni
449,Au110,propane,2,sevennet_omni
450,Au110,propene,0,sevennet_omni
451,Au110,propene,1,sevennet_omni
452,Au110,propene,2,sevennet_omni
453,Au110,propanol,0,sevennet_omni
454,Au110,propanol,1,sevennet_omni
455,Au110,propanol,2,sevennet_omni
456,Au110,glycerol,0,sevennet_omni
457,Au110,glycerol,1,sevennet_omni
458,Au110,glycerol,2,sevennet_omni
459,Au100,isopropanol,0,sevennet_omni
460,Au100,isopropanol,1,sevennet_omni
461,Au100,isopropanol,2,sevennet_omni
462,Au100,CO2,0,sevennet_omni
463,Au100,CO2,1,sevennet_omni
464,Au100,CO2,2,sevennet_omni
465,Au100,ethanol,0,sevennet_omni
466,Au100,ethanol,1,sevennet_omni
467,Au100,ethanol,2,sevennet_omni
468,Au100,ethene,0,sevennet_omni
469,Au100,ethene,1,sevennet_omni
470,Au100,ethene,2,sevennet_omni
471,Au100,ethane,0,sevennet_omni
472,Au100,ethane,1,sevennet_omni
473,Au100,ethane,2,sevennet_omni
474,Au100,propane,0,sevennet_omni
475,Au100,propane,1,sevennet_omni
476,Au100,propane,2,sevennet_omni
477,Au100,propene,0,sevennet_omni
478,Au100,propene,1,sevennet_omni
479,Au100,propene,2,sevennet_omni
480,Au100,propanol,0,sevennet_omni
481,Au100,propanol,1,sevennet_omni
482,Au100,propanol,2,sevennet_omni
483,Au100,glycerol,0,sevennet_omni
484,Au100,glycerol,1,sevennet_omni
485,Au100,glycerol,2,sevennet_omni
